Workbook

Sheet Regression
A1: SUMMARY OUTPUT
A3: Regression Statistics
A4: Multiple R | B4: 0.7131788
A5: R Square | B5: 0.508624
A6: Adjusted R Square | B6: 0.50360995
A7: Standard Error | B7: 42.59996
A8: Observations | B8: 100
A10: ANOVA
B11: df | C11: SS | D11: MS | E11: F | F11: Significance F
A12: Regression | B12: 1 | C12: 184088.8 | D12: 184088.8 | E12: 101.43994 | F12: 8.4567412e-17
A13: Residual | B13: 98 | C13: 177846.15 | D13: 1814.7566
A14: Total | B14: 99 | C14: 361934.94
B16: Coefficients | C16: Standard Error | D16: t Stat | E16: P-value | F16: Lower 95% | G16: Upper 95% | H16: Lower 95.0% | I16: Upper 95.0%
A17: Intercept | B17: 847.07192 | C17: 8.7907543 | D17: 96.359412 | E17: 6.7995111e-99 | F17: 829.62695 | G17: 864.51688 | H17: 829.62695 | I17: 864.51688
A18: Meal_share | B18: -154.8951 | C18: 15.37918 | D18: -10.07174 | E18: 8.4567412e-17 | F18: -185.41458 | G18: -124.37562 | H18: -185.41458 | I18: -124.37562
A22: RESIDUAL OUTPUT
A24: Observation | B24: Predicted Test_score | C24: Residuals
A25: 1 | B25: 834.2813 | C25: 22.276699
A26: 2 | B26: 731.722 | C26: 17.695996
A27: 3 | B27: 823.87684 | C27: 79.290157
A28: 4 | B28: 718.34464 | C28: 52.051356
A29: 5 | B29: 722.80376 | C29: -30.182764
A30: 6 | B30: 773.3403 | C30: -37.254303
A31: 7 | B31: 783.74492 | C31: 36.180083
A32: 8 | B32: 762.93569 | C32: 73.44031
A33: 9 | B33: 788.20388 | C33: 27.765118
A34: 10 | B34: 825.36306 | C34: -16.389061
A35: 11 | B35: 777.79942 | C35: -21.169423
A36: 12 | B36: 724.29014 | C36: 120.54886
... A124: 100 | B124: 806.04036 | C124: -6.4573624

Sheet Paso_a_paso
A1: OLS BY HAND: 100 SIMULATED SCHOOLS
A2: Yellow cells are results used in the lecture. Formulas update when Data changes.
A3: Step | B3: Concept | C3: Value | D3: Excel formula / explanation
A4: 1 | B4: Sample size n | C4: =COUNT(Data!A2:A101) -> 100 | D4: =COUNT(Data!A2:A101)
A5: 2 | B5: Mean X (X-bar) | C5: =AVERAGE(Data!A2:A101) -> 0.5 | D5: =AVERAGE(Data!A2:A101)
A6: 3 | B6: Mean Y (Y-bar) | C6: =AVERAGE(Data!B2:B101) -> 769.62437 | D6: =AVERAGE(Data!B2:B101)
A7: 4 | B7: Sum (Xi - X-bar) | C7: =SUM(D43:D142) -> 0 | D7: =SUM(D43:D142)
A8: 5 | B8: Sum (Yi - Y-bar) | C8: =SUM(E43:E142) -> 3.4106051e-13 | D8: =SUM(E43:E142)
A9: 6 | B9: TSS_X | C9: =SUM(F43:F142) -> 7.6727671 | D9: =SUM(F43:F142)
A10: 7 | B10: Cross-product sum | C10: =SUM(H43:H142) -> -1188.474 | D10: =SUM(H43:H142)
A11: 8 | B11: Sample variance s_X^2 | C11: =C9/(C4-1) -> 0.077502697 | D11: =C9/(C4-1)
A12: 9 | B12: Sample covariance s_XY | C12: =C10/(C4-1) -> -12.004788 | D12: =C10/(C4-1)
A13: 10 | B13: Slope b1-hat | C13: =C10/C9 -> -154.8951 | D13: =C10/C9
A14: 11 | B14: Intercept b0-hat | C14: =C6-C13*C5 -> 847.07192 | D14: =C6-C13*C5
A15: 12 | B15: SSR (sum residual^2) | C15: =SUM(K43:K142) -> 177846.15 | D15: =SUM(K43:K142)
A16: 13 | B16: TSS_Y | C16: =SUM(G43:G142) -> 361934.94 | D16: =SUM(G43:G142)
A17: 14 | B17: ESS (explained SS) | C17: =SUM(L43:L142) -> 184088.8 | D17: =SUM(L43:L142)
A18: 15 | B18: R Square | C18: =1-C15/C16 -> 0.508624 | D18: =1-C15/C16
A19: 16 | B19: Residual degrees of freedom | C19: =C4-2 -> 98 | D19: =C4-2
A20: 17 | B20: SER (Excel Standard Error) | C20: =SQRT(C15/C19) -> 42.59996 | D20: =SQRT(C15/C19)
A21: 18 | B21: RMSE (denominator n) | C21: =SQRT(C15/C4) -> 42.171809 | D21: =SQRT(C15/C4)
A22: 19 | B22: SE of slope b1-hat | C22: =C20/SQRT(C9) -> 15.37918 | D22: =C20/SQRT(C9)
A23: 20 | B23: SE of intercept b0-hat | C23: =C20*SQRT(1/C4+C5^2/C9) -> 8.7907543 | D23: =C20*SQRT(1/C4+C5^2/C9)
A24: 21 | B24: t statistic: H0 b1 = 0 | C24: =C13/C22 -> -10.07174 | D24: =C13/C22
A25: 22 | B25: t statistic: H0 b0 = 0 | C25: =C14/C23 -> 96.359412 | D25: =C14/C23
A26: 23 | B26: Two-sided p-value: b1 | C26: =_xlfn.T.DIST.2T(ABS(C24),C19) -> 8.4567412e-17 | D26: =T.DIST.2T(ABS(C24),C19)
A27: 24 | B27: Two-sided p-value: b0 | C27: =_xlfn.T.DIST.2T(ABS(C25),C19) -> 6.7995111e-99 | D27: =T.DIST.2T(ABS(C25),C19)
A28: 25 | B28: 95% critical t value | C28: =_xlfn.T.INV.2T(0.05,C19) -> 1.9844675 | D28: =T.INV.2T(0.05,C19)
A29: 26 | B29: Slope: lower 95% | C29: =C13-C28*C22 -> -185.41458 | D29: =C13-C28*C22
A30: 27 | B30: Slope: upper 95% | C30: =C13+C28*C22 -> -124.37562 | D30: =C13+C28*C22
A31: 28 | B31: Intercept: lower 95% | C31: =C14-C28*C23 -> 829.62695 | D31: =C14-C28*C23
A32: 29 | B32: Intercept: upper 95% | C32: =C14+C28*C23 -> 864.51688 | D32: =C14+C28*C23
A33: 30 | B33: Adjusted R Square | C33: =1-(1-C18)*(C4-1)/C19 -> 0.50360995 | D33: =1-(1-C18)*(C4-1)/C19
A34: 31 | B34: Check: sum residuals | C34: =SUM(J43:J142) -> 3.4106051e-13 | D34: =SUM(J43:J142)
A35: 32 | B35: Check: sum Xi * residual | C35: =SUM(M43:M142) -> 5.1736393e-14 | D35: =SUM(M43:M142)
A36: 33 | B36: Check: R2 minus ToolPak | C36: =C18-Regression!B5 -> 0 | D36: =C18-Regression!B5
A37: 34 | B37: Check: b1 minus ToolPak | C37: =C13-Regression!B18 -> 0 | D37: =C13-Regression!B18
A38: Checks should be zero up to rounding. ToolPak output is a snapshot: rerun after changing Data.
A39: SEs assume homoskedasticity. Exact t tests also assume conditionally normal errors.
A40: Read each row below: centre X and Y, multiply, fit Y, then square the residual.
A42: i | B42: Xi | C42: Yi | D42: Xi - X-bar | E42: Yi - Y-bar | F42: (Xi-Xbar)^2 | G42: (Yi-Ybar)^2 | H42: (Xi-Xbar)(Yi-Ybar) | I42: Y-hat | J42: u-hat = Yi-Yhat | K42: u-hat^2 | L42: (Yhat-Ybar)^2 | M42: Xi * u-hat
A43: =Data!C2 -> 1 | B43: =Data!A2 -> 0.082576 | C43: =Data!B2 -> 856.558 | D43: =B43-$C$5 -> -0.417424 | E43: =C43-$C$6 -> 86.93363 | F43: =D43^2 -> 0.1742428 | G43: =E43^2 -> 7557.456 | H43: =D43*E43 -> -36.288184 | I43: =$C$14+$C$13*B43 -> 834.2813 | J43: =C43-I43 -> 22.276699 | K43: =J43^2 -> 496.2513 | L43: =(I43-$C$6)^2 -> 4180.5188 | M43: =B43*J43 -> 1.8395207
A44: =Data!C3 -> 2 | B44: =Data!A3 -> 0.744697 | C44: =Data!B3 -> 749.418 | D44: =B44-$C$5 -> 0.244697 | E44: =C44-$C$6 -> -20.20637 | F44: =D44^2 -> 0.059876622 | G44: =E44^2 -> 408.29739 | H44: =D44*E44 -> -4.9444381 | I44: =$C$14+$C$13*B44 -> 731.722 | J44: =C44-I44 -> 17.695996 | K44: =J44^2 -> 313.14827 | L44: =(I44-$C$6)^2 -> 1436.5893 | M44: =B44*J44 -> 13.178155
A45: =Data!C4 -> 3 | B45: =Data!A4 -> 0.149747 | C45: =Data!B4 -> 903.167 | D45: =B45-$C$5 -> -0.350253 | E45: =C45-$C$6 -> 133.54263 | F45: =D45^2 -> 0.12267716 | G45: =E45^2 -> 17833.634 | H45: =D45*E45 -> -46.773707 | I45: =$C$14+$C$13*B45 -> 823.87684 | J45: =C45-I45 -> 79.290157 | K45: =J45^2 -> 6286.929 | L45: =(I45-$C$6)^2 -> 2943.3308 | M45: =B45*J45 -> 11.873463
A46: =Data!C5 -> 4 | B46: =Data!A5 -> 0.831061 | C46: =Data!B5 -> 770.396 | D46: =B46-$C$5 -> 0.331061 | E46: =C46-$C$6 -> 0.77163 | F46: =D46^2 -> 0.10960139 | G46: =E46^2 -> 0.59541286 | H46: =D46*E46 -> 0.2554566 | I46: =$C$14+$C$13*B46 -> 718.34464 | J46: =C46-I46 -> 52.051356 | K46: =J46^2 -> 2709.3437 | L46: =(I46-$C$6)^2 -> 2629.6103 | M46: =B46*J46 -> 43.257852
A47: =Data!C6 -> 5 | B47: =Data!A6 -> 0.802273 | C47: =Data!B6 -> 692.621 | D47: =B47-$C$5 -> 0.302273 | E47: =C47-$C$6 -> -77.00337 | F47: =D47^2 -> 0.091368967 | G47: =E47^2 -> 5929.519 | H47: =D47*E47 -> -23.27604 | I47: =$C$14+$C$13*B47 -> 722.80376 | J47: =C47-I47 -> -30.182764 | K47: =J47^2 -> 910.99925 | L47: =(I47-$C$6)^2 -> 2192.1691 | M47: =B47*J47 -> -24.214817
A48: =Data!C7 -> 6 | B48: =Data!A7 -> 0.47601 | C48: =Data!B7 -> 736.086 | D48: =B48-$C$5 -> -0.02399 | E48: =C48-$C$6 -> -33.53837 | F48: =D48^2 -> 0.0005755201 | G48: =E48^2 -> 1124.8223 | H48: =D48*E48 -> 0.8045855 | I48: =$C$14+$C$13*B48 -> 773.3403 | J48: =C48-I48 -> -37.254303 | K48: =J48^2 -> 1387.8831 | L48: =(I48-$C$6)^2 -> 13.808161 | M48: =B48*J48 -> -17.733421
A49: =Data!C8 -> 7 | B49: =Data!A8 -> 0.408838 | C49: =Data!B8 -> 819.925 | D49: =B49-$C$5 -> -0.091162 | E49: =C49-$C$6 -> 50.30063 | F49: =D49^2 -> 0.0083105102 | G49: =E49^2 -> 2530.1534 | H49: =D49*E49 -> -4.585506 | I49: =$C$14+$C$13*B49 -> 783.74492 | J49: =C49-I49 -> 36.180083 | K49: =J49^2 -> 1308.9984 | L49: =(I49-$C$6)^2 -> 199.38985 | M49: =B49*J49 -> 14.791793
A50: =Data!C9 -> 8 | B50: =Data!A9 -> 0.543182 | C50: =Data!B9 -> 836.376 | D50: =B50-$C$5 -> 0.043182 | E50: =C50-$C$6 -> 66.75163 | F50: =D50^2 -> 0.0018646851 | G50: =E50^2 -> 4455.7801 | H50: =D50*E50 -> 2.8824689 | I50: =$C$14+$C$13*B50 -> 762.93569 | J50: =C50-I50 -> 73.44031 | K50: =J50^2 -> 5393.4791 | L50: =(I50-$C$6)^2 -> 44.738442 | M50: =B50*J50 -> 39.891455
A51: =Data!C10 -> 9 | B51: =Data!A10 -> 0.380051 | C51: =Data!B10 -> 815.969 | D51: =B51-$C$5 -> -0.119949 | E51: =C51-$C$6 -> 46.34463 | F51: =D51^2 -> 0.014387763 | G51: =E51^2 -> 2147.8247 | H51: =D51*E51 -> -5.558992 | I51: =$C$14+$C$13*B51 -> 788.20388 | J51: =C51-I51 -> 27.765118 | K51: =J51^2 -> 770.90177 | L51: =(I51-$C$6)^2 -> 345.19827 | M51: =B51*J51 -> 10.552161
A52: =Data!C11 -> 10 | B52: =Data!A11 -> 0.140152 | C52: =Data!B11 -> 808.974 | D52: =B52-$C$5 -> -0.359848 | E52: =C52-$C$6 -> 39.34963 | F52: =D52^2 -> 0.12949058 | G52: =E52^2 -> 1548.3934 | H52: =D52*E52 -> -14.159886 | I52: =$C$14+$C$13*B52 -> 825.36306 | J52: =C52-I52 -> -16.389061 | K52: =J52^2 -> 268.60133 | L52: =(I52-$C$6)^2 -> 3106.8017 | M52: =B52*J52 -> -2.2969597
A53: =Data!C12 -> 11 | B53: =Data!A12 -> 0.447222 | C53: =Data!B12 -> 756.63 | D53: =B53-$C$5 -> -0.052778 | E53: =C53-$C$6 -> -12.99437 | F53: =D53^2 -> 0.0027855173 | G53: =E53^2 -> 168.85365 | H53: =D53*E53 -> 0.68581686 | I53: =$C$14+$C$13*B53 -> 777.79942 | J53: =C53-I53 -> -21.169423 | K53: =J53^2 -> 448.14449 | L53: =(I53-$C$6)^2 -> 66.831499 | M53: =B53*J53 -> -9.4674319
A54: =Data!C13 -> 12 | B54: =Data!A13 -> 0.792677 | C54: =Data!B13 -> 844.839 | D54: =B54-$C$5 -> 0.292677 | E54: =C54-$C$6 -> 75.21463 | F54: =D54^2 -> 0.085659826 | G54: =E54^2 -> 5657.2406 | H54: =D54*E54 -> 22.013592 | I54: =$C$14+$C$13*B54 -> 724.29014 | J54: =C54-I54 -> 120.54886 | K54: =J54^2 -> 14532.028 | L54: =(I54-$C$6)^2 -> 2055.1926 | M54: =B54*J54 -> 95.556311
... A142: =Data!C101 -> 100 | B142: =Data!A101 -> 0.264899 | C142: =Data!B101 -> 799.583 | D142: =B142-$C$5 -> -0.235101 | E142: =C142-$C$6 -> 29.95863 | F142: =D142^2 -> 0.05527248 | G142: =E142^2 -> 897.51951 | H142: =D142*E142 -> -7.0433039 | I142: =$C$14+$C$13*B142 -> 806.04036 | J142: =C142-I142 -> -6.4573624 | K142: =J142^2 -> 41.697529 | L142: =(I142-$C$6)^2 -> 1326.1245 | M142: =B142*J142 -> -1.7105488
A144: SUMS | B144: =SUM(B43:B142) -> 50 | C144: =SUM(C43:C142) -> 76962.437 | D144: =SUM(D43:D142) -> 0 | E144: =SUM(E43:E142) -> 3.4106051e-13 | F144: =SUM(F43:F142) -> 7.6727671 | G144: =SUM(G43:G142) -> 361934.94 | H144: =SUM(H43:H142) -> -1188.474 | I144: =SUM(I43:I142) -> 76962.437 | ... M144: =SUM(M43:M142) -> 5.1736393e-14
A146: Tiny nonzero sums (e.g. 1E-11) reflect computer rounding.

Sheet Data
A1: Meal_share | B1: Test_score | C1: School_ID | E1: SIMULATED DATA: 100 schools
A2: 0.082576 | B2: 856.558 | C2: 1 | E2: Teaching example inspired by Lecture 4. These are not actual school records.
A3: 0.744697 | B3: 749.418 | C3: 2 | E3: X is a share from 0 to 1. A rise of 0.10 means 10 percentage points.
A4: 0.149747 | B4: 903.167 | C4: 3 | E4: Y is the school average test score, in points.
A5: 0.831061 | B5: 770.396 | C5: 4 | E5: Fixed simulated values. Rerun Data Analysis > Regression after changes.
A6: 0.802273 | B6: 692.621 | C6: 5
A7: 0.47601 | B7: 736.086 | C7: 6
A8: 0.408838 | B8: 819.925 | C8: 7
A9: 0.543182 | B9: 836.376 | C9: 8
A10: 0.380051 | B10: 815.969 | C10: 9
A11: 0.140152 | B11: 808.974 | C11: 10
A12: 0.447222 | B12: 756.63 | C12: 11
A13: 0.792677 | B13: 844.839 | C13: 12
A14: 0.840657 | B14: 679.514 | C14: 13
A15: 0.581566 | B15: 844.019 | C15: 14
A16: 0.130556 | B16: 819.897 | C16: 15
A17: 0.706313 | B17: 753.718 | C17: 16
... A101: 0.264899 | B101: 799.583 | C101: 100
